Workbook
Name Actual: ('Project Planner'!PeriodInActual*('Project Planner'!$E1>0))*'Project Planner'!PeriodInPlan
Name Actual: ('Project Planner (2)'!PeriodInActual*('Project Planner (2)'!$E1>0))*'Project Planner (2)'!PeriodInPlan
Name Actual: ('Project Planner (3)'!PeriodInActual*('Project Planner (3)'!$F1>0))*'Project Planner (3)'!PeriodInPlan
Name Actual: (PeriodInActual*(#REF!>0))*PeriodInPlan
Name Actual: (PeriodInActual*(#REF!>0))*PeriodInPlan
Name ActualBeyond: 'Project Planner'!PeriodInActual*('Project Planner'!$E1>0)
Name ActualBeyond: 'Project Planner (2)'!PeriodInActual*('Project Planner (2)'!$E1>0)
Name ActualBeyond: 'Project Planner (3)'!PeriodInActual*('Project Planner (3)'!$F1>0)
Name ActualBeyond: PeriodInActual*(#REF!>0)
Name ActualBeyond: PeriodInActual*(#REF!>0)
Name PercentComplete: 'Project Planner'!PercentCompleteBeyond*'Project Planner'!PeriodInPlan
Name PercentComplete: 'Project Planner (2)'!PercentCompleteBeyond*'Project Planner (2)'!PeriodInPlan
Name PercentComplete: 'Project Planner (3)'!PercentCompleteBeyond*'Project Planner (3)'!PeriodInPlan
Name PercentComplete: PercentCompleteBeyond*PeriodInPlan
Name PercentComplete: PercentCompleteBeyond*PeriodInPlan
Name PercentCompleteBeyond: (#REF!=MEDIAN(#REF!,#REF!,#REF!+#REF!)*(#REF!>0))*((#REF!<(INT(#REF!+#REF!*#REF!)))+(#REF!=#REF!))*(#REF!>0)
Name period_selected: 'Project Planner'!$I$2
Name period_selected: 'Project Planner (2)'!$I$2
Name period_selected: 'Project Planner (3)'!$J$2
Name period_selected: #REF!
Name PeriodInActual: 'Project Planner'!A$6=MEDIAN('Project Planner'!A$6,'Project Planner'!$E1,'Project Planner'!$E1+'Project Planner'!$F1-1)
Name PeriodInActual: 'Project Planner (2)'!A$6=MEDIAN('Project Planner (2)'!A$6,'Project Planner (2)'!$E1,'Project Planner (2)'!$E1+'Project Planner (2)'!$F1-1)
Name PeriodInActual: 'Project Planner (3)'!A$6=MEDIAN('Project Planner (3)'!A$6,'Project Planner (3)'!$F1,'Project Planner (3)'!$F1+'Project Planner (3)'!$G1-1)
Name PeriodInActual: #REF!=MEDIAN(#REF!,#REF!,#REF!+#REF!-1)
Name PeriodInPlan: 'Project Planner'!A$6=MEDIAN('Project Planner'!A$6,'Project Planner'!$C1,'Project Planner'!$C1+'Project Planner'!$D1-1)
Name PeriodInPlan: 'Project Planner (2)'!A$6=MEDIAN('Project Planner (2)'!A$6,'Project Planner (2)'!$C1,'Project Planner (2)'!$C1+'Project Planner (2)'!$D1-1)
Name PeriodInPlan: 'Project Planner (3)'!A$6=MEDIAN('Project Planner (3)'!A$6,'Project Planner (3)'!$C1,'Project Planner (3)'!$C1+'Project Planner (3)'!$D1-1)
Name PeriodInPlan: #REF!=MEDIAN(#REF!,#REF!,#REF!+#REF!-1)
Name Plan: 'Project Planner'!PeriodInPlan*('Project Planner'!$C1>0)
Name Plan: 'Project Planner (2)'!PeriodInPlan*('Project Planner (2)'!$C1>0)
Name Plan: 'Project Planner (3)'!PeriodInPlan*('Project Planner (3)'!$C1>0)
Name Plan: PeriodInPlan*(#REF!>0)
Name Plan: PeriodInPlan*(#REF!>0)
Name TitleRegion..BO60: 'Project Planner'!$B$3:$B$6
Name TitleRegion..BO60: 'Project Planner (2)'!$B$3:$B$6
Name TitleRegion..BO60: 'Project Planner (3)'!$B$3:$B$6
Name TitleRegion..BO60: #REF!

Sheet Project Planner
B1: XXXX HVAC WORK
B2: Select a period to highlight at right. A legend describing the charting follows. | G2: Period Highlight: | I2: 1 | L2: Plan Duration | R2: Actual Start | W2: % Complete | AB2: Actual (beyond plan)
B3: ACTIVITY | C3: PLAN START | D3: PLAN DURATION | E3: ACTUAL START | F3: ACTUAL DURATION | G3: PERCENT COMPLETE | I3: WEEK
H4: START | I4: 45466 | J4: 45467 | K4: 45468 | L4: 45469 | M4: 45470 | N4: 45471 | O4: 45472 | P4: 45473 | Q4: 45474 | R4: 45475 | S4: 45476 | T4: 45477 | U4: 45478 | V4: 45479 | W4: 45480 | X4: 45481 | Y4: 45482 | Z4: 45483 | AA4: 45484 | AB4: 45485 | AC4: 45486 | AD4: 45487 | AE4: 45488 | AF4: 45489 | AG4: 45490 | AH4: 45491 | AI4: 45492 | AJ4: 45493 | AK4: 45494 | AL4: 45495 | AM4: 45496 | AN4: 45497 | AO4: 45498 | AP4: 45499 | AQ4: 45500 | AR4: 45501 | AS4: 45502 | AT4: 45503 | AU4: 45504 | AV4: 45505 | AW4: 45506 | AX4: 45507 | AY4: 45508 | AZ4: 45509 | BA4: 45510 | BB4: 45511 | BC4: 45512 | BD4: 45513 | BE4: 45514 | BF4: 45515 | BG4: 45516 | BH4: 45517 | BI4: 45518 | BJ4: 45519 | BK4: 45520 | BL4: 45521 | BM4: 45522 | BN4: 45523 | BO4: 45524 | BP4: 45525 | BQ4: 45526 | BR4: 45527 | BS4: 45528 | BT4: 45529 | BU4: 45530 | BV4: 45531 | BW4: 45532 | BX4: 45533 | BY4: 45534 | BZ4: 45535 | CA4: 45536 | CB4: 45537 | CC4: 45538 | CD4: 45539 | CE4: 45540 | CF4: 45541 | CG4: 45542 | CH4: 45543 | CI4: 45544 | CJ4: 45545 | CK4: 45546 | CL4: 45547 | CM4: 45548 | CN4: 45549 | CO4: 45550 | CP4: 45551 | CQ4: 45552 | CR4: 45553 | CS4: 45554 | CT4: 45555 | CU4: 45556 | CV4: 45557 | CW4: 45558 | CX4: 45559 | CY4: 45560 | CZ4: 45561 | DA4: 45562 | DB4: 45563 | DC4: 45564 | DD4: 45565 | DE4: 45566 | DF4: 45567 | DG4: 45568 | DH4: 45569 | DI4: 45570 | DJ4: 45571 | DK4: 45572 | DL4: 45573 | DM4: 45574 | DN4: 45575 | DO4: 45576 | DP4: 45577 | DQ4: 45578 | DR4: 45579 | DS4: 45580 | DT4: 45581 | DU4: 45582 | DV4: 45583 | DW4: 45584 | DX4: 45585 | DY4: 45586 | DZ4: 45587 | EA4: 45588 | EB4: 45589 | EC4: 45590 | ED4: 45591 | EE4: 45592 | EF4: 45593 | EG4: 45594 | EH4: 45595 | EI4: 45596 | EJ4: 45597 | EK4: 45598 | EL4: 45599 | EM4: 45600 | EN4: 45601 | EO4: 45602 | EP4: 45603 | EQ4: 45604 | ER4: 45605 | ES4: 45606 | ET4: 45607 | EU4: 45608 | EV4: 45609 | EW4: 45610 | EX4: 45611 | EY4: 45612 | EZ4: 45613 | FA4: 45614 | FB4: 45615 | FC4: 45616 | FD4: 45617 | FE4: 45618 | FF4: 45619 | FG4: 45620 | FH4: 45621 | FI4: 45622 | FJ4: 45623 | FK4: 45624 | FL4: 45625 | FM4: 45626 | FN4: 45627 | FO4: 45628 | FP4: 45629 | FQ4: 45630 | FR4: 45631 | FS4: 45632 | FT4: 45633 | FU4: 45634 | FV4: 45635 | FW4: 45636 | FX4: 45637 | FY4: 45638 | FZ4: 45639 | GA4: 45640 | GB4: 45641 | GC4: 45642 | GD4: 45643 | GE4: 45644 | GF4: 45645
I5: =TEXT(I4,"DDD") -> Sun | J5: =TEXT(J4,"DDD") -> Mon | K5: =TEXT(K4,"DDD") -> Tue | L5: =TEXT(L4,"DDD") -> Wed | M5: =TEXT(M4,"DDD") -> Thu | N5: =TEXT(N4,"DDD") -> Fri | O5: =TEXT(O4,"DDD") -> Sat | P5: =TEXT(P4,"DDD") -> Sun | ... GF5: =TEXT(GF4,"DDD") -> Thu
I6: 1 | J6: 2 | K6: 3 | L6: 4 | M6: 5 | N6: 6 | O6: 7 | P6: 8 | Q6: 9 | R6: 10 | S6: 11 | T6: 12 | U6: 13 | V6: 14 | W6: 15 | X6: 16 | Y6: 17 | Z6: 18 | AA6: 19 | AB6: 20 | AC6: 21 | AD6: 22 | AE6: 23 | AF6: 24 | AG6: 25 | AH6: 26 | AI6: 27 | AJ6: 28 | AK6: 29 | AL6: 30 | AM6: 31 | AN6: 32 | AO6: 33 | AP6: 34 | AQ6: 35 | AR6: 36 | AS6: 37 | AT6: 38 | AU6: 39 | AV6: 40 | AW6: 41 | AX6: 42 | AY6: 43 | AZ6: 44 | BA6: 45 | BB6: 46 | BC6: 47 | BD6: 48 | BE6: 49 | BF6: 50 | BG6: 51 | BH6: 52 | BI6: 53 | BJ6: 54 | BK6: 55 | BL6: 56 | BM6: 57 | BN6: 58 | BO6: 59 | BP6: 60 | BQ6: 61 | BR6: 62 | BS6: 63 | BT6: 64 | BU6: 65 | BV6: 66 | BW6: 67 | BX6: 68 | BY6: 69 | BZ6: 70 | CA6: 71 | CB6: 72 | CC6: 73 | CD6: 74 | CE6: 75 | CF6: 76 | CG6: 77 | CH6: 78 | CI6: 79 | CJ6: 80 | CK6: 81 | CL6: 82 | CM6: 83 | CN6: 84 | CO6: 85 | CP6: 86 | CQ6: 87 | CR6: 88 | CS6: 89 | CT6: 90 | CU6: 91 | CV6: 92 | CW6: 93 | CX6: 94 | CY6: 95 | CZ6: 96 | DA6: 97 | DB6: 98 | DC6: 99 | DD6: 100 | DE6: 101 | DF6: 102 | DG6: 103 | DH6: 104 | DI6: 105 | DJ6: 106 | DK6: 107 | DL6: 108 | DM6: 109 | DN6: 110 | DO6: 111 | DP6: 112 | DQ6: 113 | DR6: 114 | DS6: 115 | DT6: 116 | DU6: 117 | DV6: 118 | DW6: 119 | DX6: 120 | DY6: 121 | DZ6: 122 | EA6: 123 | EB6: 124 | EC6: 125 | ED6: 126 | EE6: 127 | EF6: 128 | EG6: 129 | EH6: 130 | EI6: 131 | EJ6: 132 | EK6: 133 | EL6: 134 | EM6: 135 | EN6: 136 | EO6: 137 | EP6: 138 | EQ6: 139 | ER6: 140 | ES6: 141 | ET6: 142 | EU6: 143 | EV6: 144 | EW6: 145 | EX6: 146 | EY6: 147 | EZ6: 148 | FA6: 149 | FB6: 150 | FC6: 151 | FD6: 152 | FE6: 153 | FF6: 154 | FG6: 155 | FH6: 156 | FI6: 157 | FJ6: 158 | FK6: 159 | FL6: 160 | FM6: 161 | FN6: 162 | FO6: 163 | FP6: 164 | FQ6: 165 | FR6: 166 | FS6: 167 | FT6: 168 | FU6: 169 | FV6: 170 | FW6: 171 | FX6: 172 | FY6: 173 | FZ6: 174 | GA6: 175 | GB6: 176 | GC6: 177 | GD6: 178 | GE6: 179 | GF6: 180
B7: PO RECEIVE | C7: 1 | D7: 1
B8: KICK OFF MEETING | C8: 4 | D8: 1
B9: MEETING WITH PRINCIPAL/OEM | C9: 7 | D9: 1
B10: SITE ASSESSMENT | C10: 16 | D10: 1
B11: ORDER PLACEMENT | C11: 18 | D11: 1
B12: CONTRACT SIGNING | C12: 40 | D12: 1
B13: ADVANCE RECEIVED | C13: 59 | D13: 1
B14: DELIVERY OF LOCAL MATERIALS | C14: 75 | D14: 1
B15: DELIVERY OF STOCK MACHINES | C15: 84 | D15: 2
B16: IMPORT MATERIALS READINESS | C16: 1 | D16: 102
B17: IMPORT MATERIALS SHIPMENT | C17: =D16+1 -> 103 | D17: 7
B18: IMPORT MATERIALS ARRIVAL AT CTG PORT | C18: =C17+D17 -> 110 | D18: 30
B19: CUSTOMS CELARANCE | C19: =C18+D18 -> 140 | D19: 14
B20: IMPORT MATERIALS DELIVERY AT SITE | C20: =C19+D19 -> 154 | D20: 1
B21: SHOP DRAWING SUBMISSION | C21: 52 | D21: 1
B22: SHOP DRAWING APPROVAL | C22: 70 | D22: 75
B23: SITE ASSESSMENT | C23: 65 | D23: 1
B24: TECHNICAL DISCUSSION | C24: 70 | D24: 1
B25: SITE MOBILIZATION & INDUCTION | C25: 72 | D25: 3
B26: WORK START
B27: KNITTING & MAINT WORKSHOP (ZONE-1) | C27: 75 | D27: 16
B28: CUTTING & MAINTENANCE WORKSHOP (ZONE-2) | C28: 75 | D28: 16
B29: ENGINEERING WORKSHOP GF (ZONE-3) | C29: 91 | D29: 17
B30: PROCUREMENT & HR SECTION GF (ZONE-4) | C30: 91 | D30: 17
B31: CANTEEN & SUBSTATION (ZONE-5) | C31: 108 | D31: 10
B32: PROCUREMENT & HR SECTION MF (ZONE-6) | C32: 114 | D32: 10
B33: SEWING CANTEEN & OFFICE MZ (ZONE-7) | C33: 124 | D33: 15
B34: ELECTRICAL WIRING & POWER AVAILABILITY (ZONE 1~2) | C34: 85 | D34: 1
B35: ELECTRICAL WIRING & POWER AVAILABILITY (ZONE 3) | C35: 85 | D35: 1
B36: ELECTRICAL WIRING & POWER AVAILABILITY (ZONE 4~7) | C36: 104 | D36: 1
B37: TESTING COMMISSIONING (ZONE 1~2) | C37: 92 | D37: 4
B38: TESTING COMMISSIONING (ZONE 3) | C38: 108 | D38: 4
B39: TESTING COMMISSIONING (ZONE 4~7) | C39: 163 | D39: 7

Sheet Project Planner (3)
B1: XXXXX HVAC WORK
B2: Select a period to highlight at right. A legend describing the charting follows. | H2: Period Highlight: | J2: 45466 | M2: Plan Duration | S2: Actual Start | X2: % Complete | AC2: Actual (beyond plan)
B3: ACTIVITY | C3: PLAN START | D3: PLAN DURATION | E3: PLAN END | F3: ACTUAL START | G3: ACTUAL DURATION | H3: PERCENT COMPLETE | J3: DAY
I4: START | J4: 1 | K4: 2 | L4: 3 | M4: 4 | N4: 5 | O4: 6 | P4: 7 | Q4: 8 | R4: 9 | S4: 10 | T4: 11 | U4: 12 | V4: 13 | W4: 14 | X4: 15 | Y4: 16 | Z4: 17 | AA4: 18 | AB4: 19 | AC4: 20 | AD4: 21 | AE4: 22 | AF4: 23 | AG4: 24 | AH4: 25 | AI4: 26 | AJ4: 27 | AK4: 28 | AL4: 29 | AM4: 30 | AN4: 31 | AO4: 32 | AP4: 33 | AQ4: 34 | AR4: 35 | AS4: 36 | AT4: 37 | AU4: 38 | AV4: 39 | AW4: 40 | AX4: 41 | AY4: 42 | AZ4: 43 | BA4: 44 | BB4: 45 | BC4: 46 | BD4: 47 | BE4: 48 | BF4: 49 | BG4: 50 | BH4: 51 | BI4: 52 | BJ4: 53 | BK4: 54 | BL4: 55 | BM4: 56 | BN4: 57 | BO4: 58 | BP4: 59 | BQ4: 60 | BR4: 61 | BS4: 62 | BT4: 63 | BU4: 64 | BV4: 65 | BW4: 66 | BX4: 67 | BY4: 68 | BZ4: 69 | CA4: 70 | CB4: 71 | CC4: 72 | CD4: 73 | CE4: 74 | CF4: 75 | CG4: 76 | CH4: 77 | CI4: 78 | CJ4: 79 | CK4: 80 | CL4: 81 | CM4: 82 | CN4: 83 | CO4: 84 | CP4: 85 | CQ4: 86 | CR4: 87 | CS4: 88 | CT4: 89 | CU4: 90 | CV4: 91 | CW4: 92 | CX4: 93 | CY4: 94 | CZ4: 95 | DA4: 96 | DB4: 97 | DC4: 98 | DD4: 99 | DE4: 100 | DF4: 101 | DG4: 102 | DH4: 103 | DI4: 104 | DJ4: 105 | DK4: 106 | DL4: 107 | DM4: 108 | DN4: 109 | DO4: 110 | DP4: 111 | DQ4: 112 | DR4: 113 | DS4: 114 | DT4: 115 | DU4: 116 | DV4: 117 | DW4: 118 | DX4: 119 | DY4: 120 | DZ4: 121 | EA4: 122 | EB4: 123 | EC4: 124 | ED4: 125 | EE4: 126 | EF4: 127 | EG4: 128 | EH4: 129 | EI4: 130 | EJ4: 131 | EK4: 132 | EL4: 133 | EM4: 134 | EN4: 135 | EO4: 136 | EP4: 137 | EQ4: 138 | ER4: 139 | ES4: 140 | ET4: 141 | EU4: 142 | EV4: 143 | EW4: 144 | EX4: 145 | EY4: 146 | EZ4: 147 | FA4: 148 | FB4: 149 | FC4: 150 | FD4: 151 | FE4: 152 | FF4: 153 | FG4: 154 | FH4: 155 | FI4: 156 | FJ4: 157 | FK4: 158 | FL4: 159 | FM4: 160 | FN4: 161 | FO4: 162 | FP4: 163 | FQ4: 164 | FR4: 165 | FS4: 166 | FT4: 167 | FU4: 168 | FV4: 169 | FW4: 170 | FX4: 171 | FY4: 172 | FZ4: 173 | GA4: 174 | GB4: 175 | GC4: 176 | GD4: 177 | GE4: 178 | GF4: 179 | GG4: 180
J5: =TEXT(J6,"DDD") -> Sun | K5: =TEXT(K6,"DDD") -> Mon | L5: =TEXT(L6,"DDD") -> Tue | M5: =TEXT(M6,"DDD") -> Wed | N5: =TEXT(N6,"DDD") -> Thu | O5: =TEXT(O6,"DDD") -> Fri | P5: =TEXT(P6,"DDD") -> Sat | Q5: =TEXT(Q6,"DDD") -> Sun | ... GG5: =TEXT(GG6,"DDD") -> Thu
J6: 45466 | K6: 45467 | L6: 45468 | M6: 45469 | N6: 45470 | O6: 45471 | P6: 45472 | Q6: 45473 | R6: 45474 | S6: 45475 | T6: 45476 | U6: 45477 | V6: 45478 | W6: 45479 | X6: 45480 | Y6: 45481 | Z6: 45482 | AA6: 45483 | AB6: 45484 | AC6: 45485 | AD6: 45486 | AE6: 45487 | AF6: 45488 | AG6: 45489 | AH6: 45490 | AI6: 45491 | AJ6: 45492 | AK6: 45493 | AL6: 45494 | AM6: 45495 | AN6: 45496 | AO6: 45497 | AP6: 45498 | AQ6: 45499 | AR6: 45500 | AS6: 45501 | AT6: 45502 | AU6: 45503 | AV6: 45504 | AW6: 45505 | AX6: 45506 | AY6: 45507 | AZ6: 45508 | BA6: 45509 | BB6: 45510 | BC6: 45511 | BD6: 45512 | BE6: 45513 | BF6: 45514 | BG6: 45515 | BH6: 45516 | BI6: 45517 | BJ6: 45518 | BK6: 45519 | BL6: 45520 | BM6: 45521 | BN6: 45522 | BO6: 45523 | BP6: 45524 | BQ6: 45525 | BR6: 45526 | BS6: 45527 | BT6: 45528 | BU6: 45529 | BV6: 45530 | BW6: 45531 | BX6: 45532 | BY6: 45533 | BZ6: 45534 | CA6: 45535 | CB6: 45536 | CC6: 45537 | CD6: 45538 | CE6: 45539 | CF6: 45540 | CG6: 45541 | CH6: 45542 | CI6: 45543 | CJ6: 45544 | CK6: 45545 | CL6: 45546 | CM6: 45547 | CN6: 45548 | CO6: 45549 | CP6: 45550 | CQ6: 45551 | CR6: 45552 | CS6: 45553 | CT6: 45554 | CU6: 45555 | CV6: 45556 | CW6: 45557 | CX6: 45558 | CY6: 45559 | CZ6: 45560 | DA6: 45561 | DB6: 45562 | DC6: 45563 | DD6: 45564 | DE6: 45565 | DF6: 45566 | DG6: 45567 | DH6: 45568 | DI6: 45569 | DJ6: 45570 | DK6: 45571 | DL6: 45572 | DM6: 45573 | DN6: 45574 | DO6: 45575 | DP6: 45576 | DQ6: 45577 | DR6: 45578 | DS6: 45579 | DT6: 45580 | DU6: 45581 | DV6: 45582 | DW6: 45583 | DX6: 45584 | DY6: 45585 | DZ6: 45586 | EA6: 45587 | EB6: 45588 | EC6: 45589 | ED6: 45590 | EE6: 45591 | EF6: 45592 | EG6: 45593 | EH6: 45594 | EI6: 45595 | EJ6: 45596 | EK6: 45597 | EL6: 45598 | EM6: 45599 | EN6: 45600 | EO6: 45601 | EP6: 45602 | EQ6: 45603 | ER6: 45604 | ES6: 45605 | ET6: 45606 | EU6: 45607 | EV6: 45608 | EW6: 45609 | EX6: 45610 | EY6: 45611 | EZ6: 45612 | FA6: 45613 | FB6: 45614 | FC6: 45615 | FD6: 45616 | FE6: 45617 | FF6: 45618 | FG6: 45619 | FH6: 45620 | FI6: 45621 | FJ6: 45622 | FK6: 45623 | FL6: 45624 | FM6: 45625 | FN6: 45626 | FO6: 45627 | FP6: 45628 | FQ6: 45629 | FR6: 45630 | FS6: 45631 | FT6: 45632 | FU6: 45633 | FV6: 45634 | FW6: 45635 | FX6: 45636 | FY6: 45637 | FZ6: 45638 | GA6: 45639 | GB6: 45640 | GC6: 45641 | GD6: 45642 | GE6: 45643 | GF6: 45644 | GG6: 45645
B7: PO RECEIVE | C7: 45466 | D7: 1 | E7: =C7+D7-1 -> 45466
B8: KICK OFF MEETING | C8: 45469 | D8: 1 | E8: =C8+D8-1 -> 45469
B9: MEETING WITH PRINCIPAL/OEM | C9: 45472 | D9: 1 | E9: =C9+D9-1 -> 45472
B10: SITE ASSESSMENT | C10: 45481 | D10: 1 | E10: =C10+D10-1 -> 45481
B11: ORDER PLACEMENT | C11: 45483 | D11: 1 | E11: =C11+D11-1 -> 45483
B12: CONTRACT SIGNING | C12: 45505 | D12: 1 | E12: =C12+D12-1 -> 45505
B13: ADVANCE RECEIVED | C13: 45524 | D13: 1 | E13: =C13+D13-1 -> 45524
B14: DELIVERY OF LOCAL MATERIALS | C14: 45540 | D14: 1 | E14: =C14+D14-1 -> 45540
B15: DELIVERY OF STOCK MACHINES | C15: 45549 | D15: 2 | E15: =C15+D15-1 -> 45550
B16: IMPORT MATERIALS PRODUCTION | C16: 45466 | D16: 102 | E16: =C16+D16-1 -> 45567
B17: IMPORT MATERIALS SHIPMENT | C17: 45568 | D17: 7 | E17: =C17+D17-1 -> 45574
B18: IMPORT MATERIALS ARRIVAL AT CTG PORT | C18: 45575 | D18: 30 | E18: =C18+D18-1 -> 45604
... B25: SITE MOBILIZATION & INDUCTION | C25: 45537 | D25: 3 | E25: =C25+D25-1 -> 45539
B26: WORK START
B27: KNITTING & MAINT WORKSHOP (ZONE-1) | C27: 45540 | D27: 16 | E27: =C27+D27-1 -> 45555
B28: CUTTING & MAINTENANCE WORKSHOP (ZONE-2) | C28: 45540 | D28: 16 | E28: =C28+D28-1 -> 45555
B29: ENGINEERING WORKSHOP GF (ZONE-3) | C29: 45556 | D29: 17 | E29: =C29+D29-1 -> 45572
B30: PROCUREMENT & HR SECTION GF (ZONE-4) | C30: 45556 | D30: 17 | E30: =C30+D30-1 -> 45572
B31: CANTEEN & SUBSTATION (ZONE-5) | C31: 45573 | D31: 10 | E31: =C31+D31-1 -> 45582
B32: PROCUREMENT & HR SECTION MF (ZONE-6) | C32: 45579 | D32: 10 | E32: =C32+D32-1 -> 45588
B33: SEWING CANTEEN & OFFICE MZ (ZONE-7) | C33: 45589 | D33: 15 | E33: =C33+D33-1 -> 45603
B34: ELECTRICAL WIRING & POWER AVAILABILITY (ZONE 1~2) | C34: 45550 | D34: 1 | E34: =C34+D34-1 -> 45550
B35: ELECTRICAL WIRING & POWER AVAILABILITY (ZONE 3) | C35: 45550 | D35: 1 | E35: =C35+D35-1 -> 45550
B36: ELECTRICAL WIRING & POWER AVAILABILITY (ZONE 4~7) | C36: 45569 | D36: 1 | E36: =C36+D36-1 -> 45569
B37: TESTING COMMISSIONING (ZONE 1~2) | C37: 45557 | D37: 4 | E37: =C37+D37-1 -> 45560
B38: TESTING COMMISSIONING (ZONE 3) | C38: 45573 | D38: 4 | E38: =C38+D38-1 -> 45576
B39: TESTING COMMISSIONING (ZONE 4~7) | C39: 45628 | D39: 7 | E39: =C39+D39-1 -> 45634

Sheet Schedule
A1: WORK / ZONE | B1: CEILING/ ACP OPENING | D1: MARKING | F1: SUPPORT WORK | H1: COPPER PIPING | J1: PRESSURE TEST-PIPELINE | L1: DRAIN PIPE | N1: NETWORKING | P1: DUCTING | R1: MACHINE INSTALLATION | T1: PRESSURE TEST-SYSTEM | V1: ELECTRICAL CABLE WORK | X1: CEILING/ ACP CLOSING | Z1: AIR TERMINALS INSTALLATION | AB1: TESTING & COMMISSIONING | AE1: MACHINE ARRIVAL | AF1: 64
B2: START | C2: END | D2: START | E2: END | F2: START | G2: END | H2: START | I2: END | J2: START | K2: END | L2: START | M2: END | N2: START | O2: END | P2: START | Q2: END | R2: START | S2: END | T2: START | U2: END | V2: START | W2: END | X2: START | Y2: END | Z2: START | AA2: END | AB2: START | AC2: END | AE2: STOCK MACHINE | AF2: 10
A3: KNITTING & MAINT WORKSHOP | C3: =D3-1 -> 0 | D3: =$AF$3 -> 1 | E3: =D3+0 -> 1 | F3: =E3+1 -> 2 | G3: =F3+1 -> 3 | H3: =G3+1 -> 4 | I3: =H3+3 -> 7 | L3: =I3+1 -> 8 | M3: =L3+0 -> 8 | N3: =M3+1 -> 9 | O3: =N3 -> 9 | P3: =D3 -> 1 | Q3: =P3+5 -> 6 | R3: =AF2 -> 10 | S3: =R3+1 -> 11 | T3: =S3+1 -> 12 | U3: =T3+1 -> 13 | W3: =R3-2 -> 8 | X3: =U3 -> 13 | Y3: =X3+7 -> 20 | Z3: =Y3+1 -> 21 | AA3: =Z3 -> 21 | AB3: =U3+1 -> 14 | AC3: =AB3+3 -> 17 | AE3: START DATE | AF3: 1
A4: CUTTING & MAINTENANCE WORKSHOP | C4: =D4-1 -> 0 | D4: =$AF$3 -> 1 | E4: =D4+0 -> 1 | F4: =E4+1 -> 2 | G4: =F4+1 -> 3 | H4: =G4+1 -> 4 | I4: =H4+3 -> 7 | L4: =I4+1 -> 8 | M4: =L4+0 -> 8 | N4: =M4+1 -> 9 | O4: =N4 -> 9 | R4: =AF2 -> 10 | S4: =R4+1 -> 11 | T4: =S4+1 -> 12 | U4: =T4+1 -> 13 | W4: =R4-2 -> 8 | X4: =U4 -> 13 | Y4: =X4+7 -> 20 | AB4: =U4+1 -> 14 | AC4: =AB4+3 -> 17
A5: ENGINEERING WORKSHOP GF | C5: =D5-1 -> 12 | D5: =T3+1 -> 13 | E5: =D5+0 -> 13 | F5: =E5+1 -> 14 | G5: =F5+3 -> 17 | H5: =G5+1 -> 18 | I5: =H5+3 -> 21 | L5: =I5+1 -> 22 | M5: =L5+1 -> 23 | N5: =M5+1 -> 24 | O5: =N5+0 -> 24 | P5: =F5 -> 14 | Q5: =P5+4 -> 18 | R5: =G5-1 -> 16 | S5: =R5+1 -> 17 | T5: =I5+1 -> 22 | U5: =T5+1 -> 23 | W5: =R5-2 -> 14 | X5: =U5 -> 23 | Y5: =X5+7 -> 30 | Z5: =Y5+1 -> 31 | AA5: =Z5+1 -> 32 | AB5: =U5+1 -> 24 | AC5: =AB5+3 -> 27
A6: PROCUREMENT & HR SECTION GF | C6: =D6-1 -> 12 | D6: =D5 -> 13 | E6: =D6+0 -> 13 | F6: =E6+1 -> 14 | G6: =F6+3 -> 17 | H6: =G6+1 -> 18 | I6: =H6+4 -> 22 | J6: =I6+1 -> 23 | K6: =J6+2 -> 25 | L6: =I6+1 -> 23 | M6: =L6+1 -> 24 | N6: =M6+1 -> 25 | O6: =N6+0 -> 25 | P6: =F6 -> 14 | Q6: =P6+11 -> 25 | R6: =$AF$1+1 -> 65 | S6: =R6+2 -> 67 | T6: =S6+1 -> 68 | U6: =T6+1 -> 69 | W6: =R6-2 -> 63 | X6: =K6+1 -> 26 | Y6: =X6+7 -> 33 | Z6: =Y6+1 -> 34 | AA6: =Z6+1 -> 35 | AB6: =U6+1 -> 70 | AC6: =AB6+3 -> 73
A7: CANTEEN & SUBSTATION | C7: =D7-1 -> 25 | D7: =Q6+1 -> 26 | E7: =D7+0 -> 26 | F7: =D7 -> 26 | G7: =F7+1 -> 27 | H7: =G7+1 -> 28 | I7: =H7+2 -> 30 | J7: =I7+1 -> 31 | K7: =J7+2 -> 33 | L7: =H7 -> 28 | M7: =L7+2 -> 30 | N7: =L7 -> 28 | O7: =N7+2 -> 30 | P7: =Q5+1 -> 19 | Q7: =P7+11 -> 30 | R7: =$AF$1+1 -> 65 | S7: =R7+2 -> 67 | T7: =S7+1 -> 68 | U7: =T7+1 -> 69 | W7: =R7-2 -> 63 | X7: =K7+1 -> 34 | Y7: =X7+7 -> 41 | Z7: =Y7+1 -> 42 | AA7: =Z7+1 -> 43 | AB7: =U7+1 -> 70 | AC7: =AB7+3 -> 73
A8: PROCUREMENT & HR SECTION MF | C8: =D8-1 -> 30 | D8: =Q7+1 -> 31 | E8: =D8+0 -> 31 | F8: =D8 -> 31 | G8: =F8+1 -> 32 | H8: =G8+1 -> 33 | I8: =H8+1 -> 34 | J8: =I8+1 -> 35 | K8: =J8+2 -> 37 | L8: =I8+1 -> 35 | M8: =L8+0 -> 35 | N8: =M8+1 -> 36 | O8: =N8+0 -> 36 | P8: =D8 -> 31 | Q8: =P8+5 -> 36 | R8: =S7+1 -> 68 | S8: =R8+2 -> 70 | T8: =S8+1 -> 71 | U8: =T8+1 -> 72 | W8: =R8-2 -> 66 | X8: =K8+1 -> 38 | Y8: =X8+7 -> 45 | Z8: =Y8+1 -> 46 | AA8: =Z8+1 -> 47 | AB8: =U8+1 -> 73 | AC8: =AB8+3 -> 76
A9: SEWING CANTEEN & OFFICE MZ | C9: =D9-1 -> 36 | D9: =Q8+1 -> 37 | E9: =D9+0 -> 37 | F9: =E9+1 -> 38 | G9: =F9+4 -> 42 | H9: =G9+1 -> 43 | I9: =H9+3 -> 46 | J9: =I9+1 -> 47 | K9: =J9+2 -> 49 | L9: =I9+1 -> 47 | M9: =L9+1 -> 48 | N9: =L9 -> 47 | O9: =N9+1 -> 48 | P9: =D9 -> 37 | Q9: =P9+9 -> 46 | R9: =S8+1 -> 71 | S9: =R9+3 -> 74 | T9: =S9+1 -> 75 | U9: =T9+1 -> 76 | W9: =R9-2 -> 69 | X9: =K9+1 -> 50 | Y9: =X9+7 -> 57 | Z9: =Y9+1 -> 58 | AA9: =Z9+1 -> 59 | AB9: =U9+1 -> 77 | AC9: =AB9+3 -> 80
A10: COLOR SERVICE ZONE | C10: =D10-1 -> -1
A11: SPARE PARTS WAREHOUSE | C11: =D11-1 -> -1
A12: CANTEEN & OFFICE | C12: =D12-1 -> -1
A13: SEWING FLOOR | C13: =D13-1 -> -1
A17: Site Assessment | B17: 45530 | C17: =DATE!C17 -> 45530
A18: Technical Discussion | C18: =DATE!C18 -> 45533
A19: Drawing Approval | C19: =DATE!C19 -> 45535
A20: Local Material Requisition | C20: =DATE!C20 -> 45531
A21: Local Material Delivery | C21: =DATE!C21 -> 45536
A22: Ready Stock Machine Delivery | C22: =DATE!C22 -> 45549 | D22: =C22-$C$26 -> 9
A23: Import Machine Delivery | C23: =DATE!C23 -> 45619 | D23: =C23-$C$26 -> 79
A24: Site Mobilization | C24: =DATE!C24 -> 45536
A25: Induction | C25: =DATE!C25 -> 45538
A26: Start | C26: =DATE!C26 -> 45540

Sheet DATE
A1: WORK / ZONE | B1: CEILING/ ACP OPENING | D1: MARKING | F1: SUPPORT WORK | H1: COPPER PIPING | J1: PRESSURE TEST-PIPELINE | L1: DRAIN PIPE | N1: NETWORKING | P1: DUCTING | R1: MACHINE INSTALLATION | T1: PRESSURE TEST-SYSTEM | V1: ELECTRICAL CABLE WORK | X1: CEILING/ ACP CLOSING | Z1: AIR TERMINALS INSTALLATION | AB1: TESTING & COMMISSIONING | AE1: MACHINE ARRIVAL | AF1: =C23 -> 45619
B2: START | C2: END | D2: START | E2: END | F2: START | G2: END | H2: START | I2: END | J2: START | K2: END | L2: START | M2: END | N2: START | O2: END | P2: START | Q2: END | R2: START | S2: END | T2: START | U2: END | V2: START | W2: END | X2: START | Y2: END | Z2: START | AA2: END | AB2: START | AC2: END | AE2: STOCK MACHINE | AF2: =C22 -> 45549
A3: KNITTING & MAINT WORKSHOP | C3: =D3-1 -> 45539 | D3: =$AF$3 -> 45540 | E3: =D3+0 -> 45540 | F3: =E3+1 -> 45541 | G3: =F3+1 -> 45542 | H3: =G3+1 -> 45543 | I3: =H3+3 -> 45546 | L3: =I3+1 -> 45547 | M3: =L3+0 -> 45547 | N3: =M3+1 -> 45548 | O3: =N3 -> 45548 | P3: =D3 -> 45540 | Q3: =P3+5 -> 45545 | R3: =AF2 -> 45549 | S3: =R3+1 -> 45550 | T3: =S3+1 -> 45551 | U3: =T3+1 -> 45552 | W3: =R3-2 -> 45547 | X3: =U3 -> 45552 | Y3: =X3+7 -> 45559 | Z3: =Y3+1 -> 45560 | AA3: =Z3 -> 45560 | AB3: =U3+1 -> 45553 | AC3: =AB3+3 -> 45556 | AE3: START DATE | AF3: =C26 -> 45540
A4: CUTTING & MAINTENANCE WORKSHOP | C4: =D4-1 -> 45539 | D4: =$AF$3 -> 45540 | E4: =D4+0 -> 45540 | F4: =E4+1 -> 45541 | G4: =F4+1 -> 45542 | H4: =G4+1 -> 45543 | I4: =H4+3 -> 45546 | L4: =I4+1 -> 45547 | M4: =L4+0 -> 45547 | N4: =M4+1 -> 45548 | O4: =N4 -> 45548 | R4: =AF2 -> 45549 | S4: =R4+1 -> 45550 | T4: =S4+1 -> 45551 | U4: =T4+1 -> 45552 | W4: =R4-2 -> 45547 | X4: =U4 -> 45552 | Y4: =X4+7 -> 45559 | AB4: =U4+1 -> 45553 | AC4: =AB4+3 -> 45556
A5: ENGINEERING WORKSHOP GF | C5: =D5-1 -> 45551 | D5: =T3+1 -> 45552 | E5: =D5+0 -> 45552 | F5: =E5+1 -> 45553 | G5: =F5+3 -> 45556 | H5: =G5+1 -> 45557 | I5: =H5+3 -> 45560 | L5: =I5+1 -> 45561 | M5: =L5+1 -> 45562 | N5: =M5+1 -> 45563 | O5: =N5+0 -> 45563 | P5: =F5 -> 45553 | Q5: =P5+4 -> 45557 | R5: =G5-1 -> 45555 | S5: =R5+1 -> 45556 | T5: =I5+1 -> 45561 | U5: =T5+1 -> 45562 | W5: =R5-2 -> 45553 | X5: =U5 -> 45562 | Y5: =X5+7 -> 45569 | Z5: =Y5+1 -> 45570 | AA5: =Z5+1 -> 45571 | AB5: =U5+1 -> 45563 | AC5: =AB5+3 -> 45566
A6: PROCUREMENT & HR SECTION GF | C6: =D6-1 -> 45551 | D6: =D5 -> 45552 | E6: =D6+0 -> 45552 | F6: =E6+1 -> 45553 | G6: =F6+3 -> 45556 | H6: =G6+1 -> 45557 | I6: =H6+4 -> 45561 | J6: =I6+1 -> 45562 | K6: =J6+2 -> 45564 | L6: =I6+1 -> 45562 | M6: =L6+1 -> 45563 | N6: =M6+1 -> 45564 | O6: =N6+0 -> 45564 | P6: =F6 -> 45553 | Q6: =P6+11 -> 45564 | R6: =$AF$1+1 -> 45620 | S6: =R6+2 -> 45622 | T6: =S6+1 -> 45623 | U6: =T6+1 -> 45624 | W6: =R6-2 -> 45618 | X6: =K6+1 -> 45565 | Y6: =X6+7 -> 45572 | Z6: =Y6+1 -> 45573 | AA6: =Z6+1 -> 45574 | AB6: =U6+1 -> 45625 | AC6: =AB6+3 -> 45628
A7: CANTEEN & SUBSTATION | C7: =D7-1 -> 45564 | D7: =Q6+1 -> 45565 | E7: =D7+0 -> 45565 | F7: =D7 -> 45565 | G7: =F7+1 -> 45566 | H7: =G7+1 -> 45567 | I7: =H7+2 -> 45569 | J7: =I7+1 -> 45570 | K7: =J7+2 -> 45572 | L7: =H7 -> 45567 | M7: =L7+2 -> 45569 | N7: =L7 -> 45567 | O7: =N7+2 -> 45569 | P7: =Q5+1 -> 45558 | Q7: =P7+11 -> 45569 | R7: =$AF$1+1 -> 45620 | S7: =R7+2 -> 45622 | T7: =S7+1 -> 45623 | U7: =T7+1 -> 45624 | W7: =R7-2 -> 45618 | X7: =K7+1 -> 45573 | Y7: =X7+7 -> 45580 | Z7: =Y7+1 -> 45581 | AA7: =Z7+1 -> 45582 | AB7: =U7+1 -> 45625 | AC7: =AB7+3 -> 45628
A8: PROCUREMENT & HR SECTION MF | C8: =D8-1 -> 45569 | D8: =Q7+1 -> 45570 | E8: =D8+0 -> 45570 | F8: =D8 -> 45570 | G8: =F8+1 -> 45571 | H8: =G8+1 -> 45572 | I8: =H8+1 -> 45573 | J8: =I8+1 -> 45574 | K8: =J8+2 -> 45576 | L8: =I8+1 -> 45574 | M8: =L8+0 -> 45574 | N8: =M8+1 -> 45575 | O8: =N8+0 -> 45575 | P8: =D8 -> 45570 | Q8: =P8+5 -> 45575 | R8: =S7+1 -> 45623 | S8: =R8+2 -> 45625 | T8: =S8+1 -> 45626 | U8: =T8+1 -> 45627 | W8: =R8-2 -> 45621 | X8: =K8+1 -> 45577 | Y8: =X8+7 -> 45584 | Z8: =Y8+1 -> 45585 | AA8: =Z8+1 -> 45586 | AB8: =U8+1 -> 45628 | AC8: =AB8+3 -> 45631
A9: SEWING CANTEEN & OFFICE MZ | C9: =D9-1 -> 45575 | D9: =Q8+1 -> 45576 | E9: =D9+0 -> 45576 | F9: =E9+1 -> 45577 | G9: =F9+4 -> 45581 | H9: =G9+1 -> 45582 | I9: =H9+3 -> 45585 | J9: =I9+1 -> 45586 | K9: =J9+2 -> 45588 | L9: =I9+1 -> 45586 | M9: =L9+1 -> 45587 | N9: =L9 -> 45586 | O9: =N9+1 -> 45587 | P9: =D9 -> 45576 | Q9: =P9+9 -> 45585 | R9: =S8+1 -> 45626 | S9: =R9+3 -> 45629 | T9: =S9+1 -> 45630 | U9: =T9+1 -> 45631 | W9: =R9-2 -> 45624 | X9: =K9+1 -> 45589 | Y9: =X9+7 -> 45596 | Z9: =Y9+1 -> 45597 | AA9: =Z9+1 -> 45598 | AB9: =U9+1 -> 45632 | AC9: =AB9+3 -> 45635
A10: COLOR SERVICE ZONE
A11: SPARE PARTS WAREHOUSE
A12: CANTEEN & OFFICE
A13: SEWING FLOOR
J16: COMMISSIONING
A17: Site Assessment | B17: 45530 | C17: 45530 | H17: 45540 | I17: 45551 | J17: 45556 | K17: =J17+4 -> 45560 | L17: =H17 -> 45540 | M17: =I17+4 -> 45555 | N17: =M17-L17 -> 15 | O17: =I17-H17 -> 11 | P17: =L17-$H$17+75 -> 75
A18: Technical Discussion | C18: 45533 | H18: 45540 | I18: 45551 | J18: 45556 | K18: =J18+4 -> 45560 | L18: =H18 -> 45540 | M18: =I18+4 -> 45555 | N18: =M18-L18 -> 15 | O18: =I18-H18 -> 11 | P18: =L18-$H$17+75 -> 75
A19: Drawing Approval | C19: 45535 | H19: 45552 | I19: 45562 | J19: 45566 | K19: =J19+4 -> 45570 | L19: =H19+4 -> 45556 | M19: =I19+10 -> 45572 | N19: =M19-L19 -> 16 | O19: =I19-H19 -> 10 | P19: =L19-$H$17+75 -> 91
A20: Local Material Requisition | C20: 45531 | H20: 45552 | I20: 45562 | J20: 45628 | K20: =J20+4 -> 45632 | L20: =H20+4 -> 45556 | M20: =I20+10 -> 45572 | N20: =M20-L20 -> 16 | O20: =I20-H20 -> 10 | P20: =L20-$H$17+75 -> 91
A21: Local Material Delivery | C21: 45536 | H21: 45564 | I21: 45569 | J21: 45628 | K21: =J21+4 -> 45632 | L21: =H21+9 -> 45573 | M21: =I21+13 -> 45582 | N21: =M21-L21 -> 9 | O21: =I21-H21 -> 5 | P21: =L21-$H$17+75 -> 108
A22: Ready Stock Machine Delivery | C22: 45549 | D22: =C22-$C$26 -> 9 | H22: 45570 | I22: 45575 | J22: 45631 | L22: =H22+9 -> 45579 | M22: =I22+13 -> 45588 | N22: =M22-L22 -> 9 | O22: =I22-H22 -> 5 | P22: =L22-$H$17+75 -> 114
A23: Import Machine Delivery | C23: 45619 | D23: =C23-$C$26 -> 79 | H23: 45576 | I23: 45587 | J23: 45635 | L23: =H23+13 -> 45589 | M23: =I23+16 -> 45603 | N23: =M23-L23 -> 14 | O23: =I23-H23 -> 11 | P23: =L23-$H$17+75 -> 124
A24: Site Mobilization | C24: 45536
A25: Induction | C25: =C24+2 -> 45538 | N25: =M23-L17 -> 63
A26: Start | C26: 45540

Sheet Organogram

Sheet SCOPE
A1: Client | C1: Flash back??
A2: Ceiling Opening | C2: Oxygen trolley
A3: ACP Opening | C3: Acetylene trolley
A4: Roof Core Cutting | C4: Fire Blanket
A5: Ceiling Frame Cutting | C5: Scaffolding
A6: Crane for Outdoor Lifting | C6: platform
C7: Apron
C8: Safety belt
C9: Leather hand gloves
C10: Normal hand gloves
C11: Air fresh??? helmet
C12: Ark welding helmet
C13: Wheel for scaffolding
C14: Helmet
C15: Fire extinguisher
C16: Industrial plug
C17: Industrial soket
C18: Sunglass
... C23: ***"Oxygen,,,, cetylene,,,,nitrogen.. From linde"

Sheet Project Planner (2)
B1: XXXX HVAC WORK
B2: Select a period to highlight at right. A legend describing the charting follows. | G2: Period Highlight: | I2: 1 | L2: Plan Duration | R2: Actual Start | W2: % Complete | AB2: Actual (beyond plan)
B3: ACTIVITY | C3: PLAN START | D3: PLAN DURATION | E3: ACTUAL START | F3: ACTUAL DURATION | G3: PERCENT COMPLETE
I5: 1 | J5: 2 | K5: 3 | L5: 4 | M5: 5 | N5: 6 | O5: 7 | P5: 8 | Q5: 9 | R5: 10 | S5: 11 | T5: 12 | U5: 13 | V5: 14 | W5: 15 | X5: 16 | Y5: 17 | Z5: 18 | AA5: 19 | AB5: 20 | AC5: 21 | AD5: 22 | AE5: 23 | AF5: 24 | AG5: 25 | AH5: 26 | AI5: 27 | AJ5: 28 | AK5: 29 | AL5: 30 | AM5: 31 | AN5: 32 | AO5: 33 | AP5: 34 | AQ5: 35 | AR5: 36 | AS5: 37 | AT5: 38 | AU5: 39 | AV5: 40 | AW5: 41 | AX5: 42 | AY5: 43 | AZ5: 44 | BA5: 45 | BB5: 46 | BC5: 47 | BD5: 48 | BE5: 49 | BF5: 50 | BG5: 51 | BH5: 52 | BI5: 53 | BJ5: 54 | BK5: 55 | BL5: 56 | BM5: 57 | BN5: 58 | BO5: 59 | BP5: 60 | BQ5: 61 | BR5: 62 | BS5: 63 | BT5: 64 | BU5: 65 | BV5: 66 | BW5: 67 | BX5: 68 | BY5: 69 | BZ5: 70 | CA5: 71 | CB5: 72 | CC5: 73 | CD5: 74 | CE5: 75 | CF5: 76 | CG5: 77 | CH5: 78 | CI5: 79 | CJ5: 80 | CK5: 81 | CL5: 82 | CM5: 83 | CN5: 84 | CO5: 85 | CP5: 86 | CQ5: 87 | CR5: 88 | CS5: 89 | CT5: 90 | CU5: 91 | CV5: 92 | CW5: 93 | CX5: 94 | CY5: 95 | CZ5: 96 | DA5: 97 | DB5: 98 | DC5: 99 | DD5: 100 | DE5: 101 | DF5: 102 | DG5: 103 | DH5: 104 | DI5: 105 | DJ5: 106 | DK5: 107 | DL5: 108 | DM5: 109 | DN5: 110 | DO5: 111 | DP5: 112 | DQ5: 113 | DR5: 114 | DS5: 115 | DT5: 116 | DU5: 117 | DV5: 118 | DW5: 119 | DX5: 120 | DY5: 121 | DZ5: 122 | EA5: 123 | EB5: 124 | EC5: 125 | ED5: 126 | EE5: 127
I6: 45531 | J6: 45532 | K6: 45533 | L6: 45534 | M6: 45535 | N6: 45536 | O6: 45537 | P6: 45538 | Q6: 45539 | R6: 45540 | S6: 45541 | T6: 45542 | U6: 45543 | V6: 45544 | W6: 45545 | X6: 45546 | Y6: 45547 | Z6: 45548 | AA6: 45549 | AB6: 45550 | AC6: 45551 | AD6: 45552 | AE6: 45553 | AF6: 45554 | AG6: 45555 | AH6: 45556 | AI6: 45557 | AJ6: 45558 | AK6: 45559 | AL6: 45560 | AM6: 45561 | AN6: 45562 | AO6: 45563 | AP6: 45564 | AQ6: 45565 | AR6: 45566 | AS6: 45567 | AT6: 45568 | AU6: 45569 | AV6: 45570 | AW6: 45571 | AX6: 45572 | AY6: 45573 | AZ6: 45574 | BA6: 45575 | BB6: 45576 | BC6: 45577 | BD6: 45578 | BE6: 45579 | BF6: 45580 | BG6: 45581 | BH6: 45582 | BI6: 45583 | BJ6: 45584 | BK6: 45585 | BL6: 45586 | BM6: 45587 | BN6: 45588 | BO6: 45589 | BP6: 45590 | BQ6: 45591 | BR6: 45592 | BS6: 45593 | BT6: 45594 | BU6: 45595 | BV6: 45596 | BW6: 45597 | BX6: 45598 | BY6: 45599 | BZ6: 45600 | CA6: 45601 | CB6: 45602 | CC6: 45603 | CD6: 45604 | CE6: 45605 | CF6: 45606 | CG6: 45607 | CH6: 45608 | CI6: 45609 | CJ6: 45610 | CK6: 45611 | CL6: 45612 | CM6: 45613 | CN6: 45614 | CO6: 45615 | CP6: 45616 | CQ6: 45617 | CR6: 45618 | CS6: 45619 | CT6: 45620 | CU6: 45621 | CV6: 45622 | CW6: 45623 | CX6: 45624 | CY6: 45625 | CZ6: 45626 | DA6: 45627 | DB6: 45628 | DC6: 45629 | DD6: 45630 | DE6: 45631 | DF6: 45632 | DG6: 45633 | DH6: 45634 | DI6: 45635 | DJ6: 45636 | DK6: 45637 | DL6: 45638 | DM6: 45639 | DN6: 45640 | DO6: 45641 | DP6: 45642 | DQ6: 45643 | DR6: 45644 | DS6: 45645 | DT6: 45646 | DU6: 45647 | DV6: 45648 | DW6: 45649 | DX6: 45650 | DY6: 45651 | DZ6: 45652 | EA6: 45653 | EB6: 45654 | EC6: 45655 | ED6: 45656 | EE6: 45657
B8: Local Materials Requisition | C8: 45531 | D8: 1
B9: Work Order Issue | C9: 45534 | D9: 1
B10: Local Material Purchase 70% | C10: 45540 | D10: 1
B11: Copper Pipes | C11: 45540 | D11: 1
B12: Insulation | C12: 45540 | D12: 1
B13: Cables | C13: 45540 | D13: 1
B14: Refrigerant Gas | C14: 45540 | D14: 1
B15: Drain Pipes | C15: 45540 | D15: 1
B16: Tools | C16: 45534 | D16: 1
B17: Uniforms | C17: 45534 | D17: 1
B18: House Rent | C18: 45534 | D18: 1
B19: Man Power Hiring | C19: 45537 | D19: 1
B20: Ducting Vendor Selection | C20: 45534 | D20: 1
B21: Safety Officer Appointment
B22: Drawing Approval
B28: INDUCTION
B29: WORK START
B30: CEILING OPENING
B31: MARKING
B32: SUPPORT WORK
B33: COPPER PIPE WORK
B34: PIPELINE PRESSURE TESTING
B35: DRAIN PIPE WORK
B36: NETWORKING
B37: DUCTING
... B44: HANDOVER

Sheet TOOLS
A1: PROJECT REQUISITION
A2: XXXXXXXX
A3: for Internal Use Only
A4: Project Name: XXXXXXX | C4: DATE: 27 Aug 2024
A5: Purpose: Safety Gear and Tools | C5: Prepared By:
A7: XXXX SAFETY GEARS AND TOOLS REQUIREMENTS
A9: Sl No | B9: Description | C9: Image | D9: Qty | E9: Unit | F9: Remarks
A10: 1 | B10: Retractable Badge Holder for Face ID | D10: 30 | E10: pcs | F10: Fresco + N.A Engg
A11: 2 | B11: Face ID for New Employees | D11: 16 | E11: pcs | F11: Fresco + N.A Engg
A12: 3 | B12: Safety Vest (With Logo) | D12: 50 | E12: pcs | F12: Fresco + N.A Engg
A13: 4 | B13: Helmet (With Logo) | D13: 22 | E13: pcs | F13: Fresco
A14: 5 | B14: Steel Toe Safety Shoe | D14: 22 | E14: pcs | F14: 10 Tech+ 2 Supervisor+ 1 Safety Officer+ 1 Shiraj+ 1 Arif+ 1 Humayra+ 1 MD Sir
A15: 6 | B15: Hand Gloves | D15: 50 | E15: pcs | F15: Fresco
A16: 7 | B16: Clear Lens Safety Glasses | D16: 20 | E16: pcs | F16: Fresco
A17: 8 | B17: Shade Lens Safety Glasses (for Gas Welding) | D17: 10 | E17: pcs | F17: Fresco
A18: 9 | B18: Ear Plugs | D18: 30 | E18: pcs | F18: Fresco
A19: 10 | B19: Face Sheild/ Safety Sheild (clear) | D19: 6 | E19: pcs | F19: Fresco
A20: 11 | B20: Leather Welding Apron (full Sleeve) | D20: 3 | E20: pcs | F20: Fresco
A21: 12 | B21: Leather Hand Gloves for Welders | D21: 4 | E21: pcs | F21: Fresco
... A45: 36 | B45: Tool-(Custom Made) | D45: 4 | E45: Pcs | F45: Fresco

Sheet Schedule (2)
A1: WORK / ZONE | B1: CEILING/ ACP OPENING | D1: MARKING | F1: SUPPORT WORK | H1: COPPER PIPING | J1: PRESSURE TESTING-1 | L1: DRAIN PIPE | N1: NETWORKING | P1: DUCTING | R1: MACHINE INSTALLATION | T1: PRESSURE TESTING-2 | V1: ELECTRICAL CABLE WORK | X1: CEILING/ ACP CLOSING | Z1: AIR TERMINALS INSTALLATION | AB1: TESTING & COMMISSIONING | AE1: MACHINE ARRIVAL | AF1: 70
B2: START | C2: END | D2: START | E2: END | F2: START | G2: END | H2: START | I2: END | J2: START | K2: END | L2: START | M2: END | N2: START | O2: END | P2: START | Q2: END | R2: START | S2: END | T2: START | U2: END | V2: START | W2: END | X2: START | Y2: END | Z2: START | AA2: END | AB2: START | AC2: END | AE2: STOCK MACHINE | AF2: 20
A3: KNITTING & MAINT WORKSHOP | C3: =D3-1 -> 0 | D3: =$AF$3 -> 1 | E3: =1+0 -> 1 | F3: =E3+1 -> 2 | G3: =F3+1 -> 3 | H3: =G3+1 -> 4 | I3: =H3+3 -> 7 | J3: =I3+1 -> 8 | K3: =J3+2 -> 10 | L3: =I3+1 -> 8 | M3: =L3+0 -> 8 | N3: =M3+1 -> 9 | O3: =N3 -> 9 | P3: =D3 -> 1 | Q3: =P3+5 -> 6 | R3: =T5+1 -> 24 | S3: =R3+1 -> 25 | T3: =S3+1 -> 26 | U3: =T3+1 -> 27 | W3: =R3-2 -> 22 | X3: =K3+1 -> 11 | Y3: =X3+7 -> 18 | Z3: =Y3+1 -> 19 | AA3: =Z3 -> 19 | AB3: =U3+1 -> 28 | AC3: =AB3+3 -> 31 | AE3: START DATE | AF3: 1
A4: CUTTING & MAINTENANCE WORKSHOP | C4: =D4-1 -> 0 | D4: =$AF$3 -> 1 | E4: =1+0 -> 1 | F4: =E4+1 -> 2 | G4: =F4+1 -> 3 | H4: =G4+1 -> 4 | I4: =H4+3 -> 7 | J4: =I4+1 -> 8 | K4: =J4+2 -> 10 | L4: =I4+1 -> 8 | M4: =L4+0 -> 8 | N4: =M4+1 -> 9 | O4: =N4 -> 9 | R4: =T5+1 -> 24 | S4: =R4+1 -> 25 | T4: =S4+1 -> 26 | U4: =T4+1 -> 27 | W4: =R4-2 -> 22 | X4: =K4+1 -> 11 | Y4: =X4+7 -> 18 | AB4: =U4+1 -> 28 | AC4: =AB4+3 -> 31
A5: ENGINEERING WORKSHOP GF | C5: =D5-1 -> 9 | D5: =O4+1 -> 10 | E5: =D5+0 -> 10 | F5: =E5+1 -> 11 | G5: =F5+2 -> 13 | H5: =G5+1 -> 14 | I5: =H5+3 -> 17 | L5: =I5+1 -> 18 | M5: =L5+1 -> 19 | N5: =M5+1 -> 20 | O5: =N5+0 -> 20 | P5: =F5 -> 11 | Q5: =P5+4 -> 15 | R5: =$AF$2+1 -> 21 | S5: =R5+1 -> 22 | T5: =S5+1 -> 23 | U5: =T5+1 -> 24 | W5: =R5-2 -> 19 | X5: =K5+1 -> 1 | Y5: =X5+7 -> 8 | Z5: =Y5+1 -> 9 | AA5: =Z5+1 -> 10 | AB5: =U5+1 -> 25 | AC5: =AB5+3 -> 28
A6: PROCUREMENT & HR SECTION GF | C6: =D6-1 -> 9 | D6: =D5 -> 10 | E6: =D6+0 -> 10 | F6: =E6+1 -> 11 | G6: =F6+3 -> 14 | H6: =G6+1 -> 15 | I6: =H6+4 -> 19 | J6: =I6+1 -> 20 | K6: =J6+2 -> 22 | L6: =I6+1 -> 20 | M6: =L6+1 -> 21 | N6: =M6+1 -> 22 | O6: =N6+0 -> 22 | P6: =F6 -> 11 | Q6: =P6+11 -> 22 | R6: =$AF$1+1 -> 71 | S6: =R6+2 -> 73 | T6: =S6+1 -> 74 | U6: =T6+1 -> 75 | W6: =R6-2 -> 69 | X6: =K6+1 -> 23 | Y6: =X6+7 -> 30 | Z6: =Y6+1 -> 31 | AA6: =Z6+1 -> 32 | AB6: =U6+1 -> 76 | AC6: =AB6+3 -> 79
A7: CANTEEN & SUBSTATION | C7: =D7-1 -> 26 | D7: =T3+1 -> 27 | E7: =D7+0 -> 27 | F7: =D7 -> 27 | G7: =F7+1 -> 28 | H7: =G7+1 -> 29 | I7: =H7+2 -> 31 | J7: =I7+1 -> 32 | K7: =J7+2 -> 34 | L7: =H7 -> 29 | M7: =L7+2 -> 31 | N7: =L7 -> 29 | O7: =N7+2 -> 31 | P7: =Q5+1 -> 16 | Q7: =P7+15 -> 31 | R7: =$AF$1+1 -> 71 | S7: =R7+2 -> 73 | T7: =S7+1 -> 74 | U7: =T7+1 -> 75 | W7: =R7-2 -> 69 | X7: =K7+1 -> 35 | Y7: =X7+7 -> 42 | Z7: =Y7+1 -> 43 | AA7: =Z7+1 -> 44 | AB7: =U7+1 -> 76 | AC7: =AB7+3 -> 79
A8: PROCUREMENT & HR SECTION MF | C8: =D8-1 -> 31 | D8: =Q7+1 -> 32 | E8: =D8+0 -> 32 | F8: =D8 -> 32 | G8: =F8+1 -> 33 | H8: =G8+1 -> 34 | I8: =H8+1 -> 35 | J8: =I8+1 -> 36 | K8: =J8+2 -> 38 | L8: =I8+1 -> 36 | M8: =L8+0 -> 36 | N8: =M8+1 -> 37 | O8: =N8+0 -> 37 | P8: =D8 -> 32 | Q8: =P8+5 -> 37 | R8: =S7+1 -> 74 | S8: =R8+2 -> 76 | T8: =S8+1 -> 77 | U8: =T8+1 -> 78 | W8: =R8-2 -> 72 | X8: =K8+1 -> 39 | Y8: =X8+7 -> 46 | Z8: =Y8+1 -> 47 | AA8: =Z8+1 -> 48 | AB8: =U8+1 -> 79 | AC8: =AB8+3 -> 82
A9: SEWING CANTEEN & OFFICE MZ | C9: =D9-1 -> 37 | D9: =Q8+1 -> 38 | E9: =D9+0 -> 38 | F9: =E9+1 -> 39 | G9: =F9+4 -> 43 | H9: =G9+1 -> 44 | I9: =H9+3 -> 47 | J9: =I9+1 -> 48 | K9: =J9+2 -> 50 | L9: =I9+1 -> 48 | M9: =L9+1 -> 49 | N9: =L9 -> 48 | O9: =N9+1 -> 49 | P9: =D9 -> 38 | Q9: =P9+9 -> 47 | R9: =S8+1 -> 77 | S9: =R9+3 -> 80 | T9: =S9+1 -> 81 | U9: =T9+1 -> 82 | W9: =R9-2 -> 75 | X9: =K9+1 -> 51 | Y9: =X9+7 -> 58 | Z9: =Y9+1 -> 59 | AA9: =Z9+1 -> 60 | AB9: =U9+1 -> 83 | AC9: =AB9+3 -> 86
A10: COLOR SERVICE ZONE | C10: =D10-1 -> -1
A11: SPARE PARTS WAREHOUSE | C11: =D11-1 -> -1
A12: CANTEEN & OFFICE | C12: =D12-1 -> -1
A13: SEWING FLOOR | C13: =D13-1 -> -1
A17: Site Assessment | B17: 45530 | C17: 45531
A18: Technical Discussion | C18: 45533
A19: Drawing Approval | C19: 45535
A20: Local Material Requisition | C20: 45529
A21: Local Material Delivery | C21: 45536
A22: Ready Stock Machine Delivery | C22: 45549
A23: Import Machine Delivery | C23: 45641 | D23: =C23-C17 -> 110
A24: Site Mobilization | C24: 45536
A25: Induction | C25: =C24+2 -> 45538
A26: Start | C26: =C25+1 -> 45539
